"企业代号","企业名称","总支出","进项发票数量","进项发票金额变异系数","总营收","销项发票数量","负值销项发票比例","销项发票金额变异系数","进项作废发票比例","销项作废发票比例","毛利润","运营规模","利润率","资金周转率"
"E124","个体经营E124",887265509.01,15264,2.29475482973376,880804606.17,1099,0.0373066424021838,0.362159059096023,0.123312848199414,0.150038669760247,-6460902.84000003,1768070115.18,-0.00733522826145739,0.992718185509984
"E125","个体经营E125",1052840607.24,17776,2.20488779719881,1097347967.95,1380,0.0304347826086957,0.37430000853647,0.123817034700315,0.134796238244514,44507360.71,2150188575.19,0.0405590223064303,1.04227359811536
"E126","个体经营E126",129033779.99,515,1.36563940816628,573569899.72,1264,0.0253164556962025,0.840429851592977,0.0337711069418387,0.16622691292876,444536119.73,702603679.71,0.775033905975557,4.44511429305141
"E127","个体经营E127",1767638.94,1424,8.2298025275874,674253327.53,3904,0.00102459016393443,1.38914429536172,0.0179310344827586,0.0303030303030303,672485688.59,676020966.47,0.997378375652256,381.442902321444
"E128","个体经营E128",10112352.07,3134,4.27992005313156,250689218.79,1161,0,1.37323979313416,0.0273122284295469,0.0749003984063745,240576866.72,260801570.86,0.959661799104049,24.7903966411249
"E129","个体经营E129",88421244.62,5928,4.66617063893686,388511348.32,5181,0.0165991121405134,0.566049713915693,0.0629149541574455,0.109334708612687,300090103.7,476932592.94,0.77241013678918,4.39386880369837
"E130","个体经营E130",78332392.28,3123,2.547930997428,124146034.13,1321,0.0158970476911431,0.234585197234361,0.0393725007689942,0.0441389290882779,45813641.85,202478426.41,0.369030248699093,1.5848620285493
"E131","个体经营E131",130138254.88,6527,3.6277710103997,246959854.71,3097,0.0135615111398127,2.01318724418786,0.0777165465592765,0.0716426858513189,116821599.83,377098109.59,0.473038826359779,1.89767301657549
"E132","个体经营E132",71328514.36,5050,2.60381700688033,226278037.94,1659,0.00482218203737191,1.17658201904964,0.0211281256057375,0.0773081201334817,154949523.58,297606552.3,0.684774912274458,3.17233633660108
"E133","个体经营E133",40659807.04,1599,3.03259884298283,121864664.86,140,0.0214285714285714,0.302748919576753,0.0279635258358663,0.176470588235294,81204857.82,162524471.9,0.666352776773229,2.99717764868173
"E134","***工程咨询有限公司",4303115.37,1664,13.6943061902853,136342986.89,2835,0.0204585537918871,0.744670203940702,0.0182890855457227,0.0765472312703583,132039871.52,140646102.26,0.968439041360655,31.6847156459112
"E135","***建设工程有限公司",26998383.84,2847,4.03146854851188,159861561.73,367,0.0381471389645777,0.868535888309325,0.0152196471809063,0.11138014527845,132863177.89,186859945.57,0.83111397419225,5.92115300965363
"E136","***机械有限责任公司",132115098.75,1286,0.165808394679354,135273225,1284,0.00311526479750779,0.0946603870568444,0.0015527950310559,0.0523985239852399,3158126.25,267388323.75,0.0233462775061362,1.02390435521663
"E137","***建设工程有限公司",114625108,3141,2.63012237819321,161278073.12,231,0.025974025974026,0.468253146122745,0.0426699177080158,0.0905511811023622,46652965.12,275903181.12,0.28927035285998,1.40700476478504
"E138","个体经营E138",23892099.35,512,1.72988463847088,125692305.95,1439,0.00833912439193885,0.292664199884569,0.0153846153846154,0.0355227882037534,101800206.6,149584405.3,0.809915975608688,5.26083137813505
"E139","个体经营E139",1306350.95,457,2.56940839951765,198566456.93,12209,0.00262101728233271,1.3954210100376,0.0317796610169492,0.0478084542193106,197260105.98,199872807.88,0.993421089492167,152.000851631792
"E140","***建筑工程有限公司",9209032.83,2023,3.99006766453986,196294104.92,726,0.0303030303030303,1.18796268090128,0.0245901639344262,0.140828402366864,187085072.09,205503137.75,0.9530855354329,21.3153876789904
"E141","***食品有限公司",41098530.16,1357,1.36960828685339,170014392.05,4458,0.0323014804845222,0.863166723631504,0.0396319886765747,0.0594936708860759,128915861.89,211112922.21,0.75826440535744,4.13675115358432
"E142","***运业有限公司",57306919.91,704,2.10344063161326,107736027,1366,0.00732064421669107,0.431344994761792,0.031636863823934,0.0745257452574526,50429107.09,165042946.91,0.468080255920334,1.87998285668116
"E143","***电子科技有限公司",36937647.03,3579,2.96913259638439,106136928.86,1099,0.0191082802547771,1.17282368586805,0.0363489499192246,0.0443478260869565,69199281.83,143074575.89,0.651981196113912,2.8734079562187
"E144","***劳务有限公司",9933235.56,2434,7.75605460567394,120626037.3,1245,0.0465863453815261,0.140140870090869,0.0177562550443906,0.0845588235294118,110692801.74,130559272.86,0.917652641317431,12.1436803316884
"E145","***工贸有限公司",130016099.8,2916,2.83757254176918,139272838.14,3844,0.0208116545265349,1.07500327134009,0.0240963855421687,0.0999765862795598,9256738.33999999,269288937.94,0.0664647785140626,1.07119686219045
"E146","***基础建设工程有限公司",138501853.53,3170,3.63521953111053,149497055.72,1416,0.0225988700564972,0.631698774863392,0.0246153846153846,0.121588089330025,10995202.19,287998909.25,0.0735479514097818,1.079386679021
"E147","***装饰工程有限责任公司",159733909.24,5603,2.57568419153777,202654229.19,2314,0.010371650821089,0.303038174723499,0.0647638123852445,0.0240404892450443,42920319.95,362388138.43,0.211790891912548,1.26869886396828
"E148","***商贸有限公司",30246691.73,511,3.15705004402887,86009235.29,270,0.0037037037037037,0.719907188430452,0.0641025641025641,0.0391459074733096,55762543.56,116255927.02,0.648332046808505,2.8435914928406
"E149","***建筑劳务有限公司",637449.94,285,4.19237040812627,113466620.72,1147,0.027898866608544,0.122152753742282,0.0273037542662116,0.0644371941272431,112829170.78,114104070.66,0.994382048782672,178.000833634089
"E150","***建设工程有限公司",89433069.83,3268,2.48627704596868,123278696.3,410,0.0024390243902439,0.99485863107194,0.0328499556081681,0.116379310344828,33845626.47,212711766.13,0.274545622932581,1.37844643524298
"E151","***路桥工程有限公司",11855502.48,781,5.84647137614525,108831139.14,140,0,0.458298836764152,0.0249687890137328,0.0540540540540541,96975636.66,120686641.62,0.891065162290095,9.17979978694248
"E152","***运贸有限责任公司",7110254.16,891,1.89368200122658,127978147.36,1488,0.00604838709677419,0.322252343477347,0.0230263157894737,0.0242622950819672,120867893.2,135088401.52,0.944441654245869,17.9990960210626
"E153","个体经营E153",93077,71,2.13821288208233,256439442.28,280,0.00357142857142857,0.242521421660369,0,0.211267605633803,256346365.28,256532519.28,0.999637041013767,2755.13222686593
"E154","***汽车销售服务有限公司",152871927.91,2657,2.49505289836709,86551100.32,1816,0.0126651982378855,1.00191294028359,0.0144658753709199,0.0556422256890276,-66320827.59,239423028.23,-0.76626209655101,0.566167389286508
"E155","个体经营E155",87173267.68,398,1.6079299169375,91688182.85,1045,0.00861244019138756,0.284447118031461,0.0455635491606715,0.0350877192982456,4514915.16999999,178861450.53,0.049242061841124,1.05179242777239
"E156","个体经营E156",2388015.5,592,3.62343919293563,198042232.14,384,0.0729166666666667,0.829906756454956,0.0310965630114566,0.135135135135135,195654216.64,200430247.64,0.987941887575212,82.9317197229247
"E157","***环境设备工程有限公司",54369939.99,1472,1.75033255159631,86223945,918,0.0816993464052288,0.201185290663659,0.0521571152607856,0.0810810810810811,31854005.01,140593884.99,0.3694333982283,1.58587530197493
"E158","***装饰工程有限公司",66618750.12,1099,3.14898641545269,84867711.88,859,0,0.170360518396416,0.0638841567291312,0.128803245436105,18248961.76,151486462,0.215028322971679,1.27393131403889
"E159","个体经营E159",70471088.15,4472,3.32492422071964,115547245.72,233,0.00858369098712446,0.772044403710988,0.0452604611443211,0.0790513833992095,45076157.57,186018333.87,0.390110186436039,1.63964043628862
"E160","***钢结构工程有限公司",170847575.83,4245,1.55487842066528,269165545.38,2814,0.0405117270788913,0.2837064566354,0.031706204379562,0.166716020136216,98317969.55,440013121.21,0.365269519957309,1.57547184425859
"E161","***建筑劳务有限责任公司",963190.56,246,5.93810952786376,166131891.88,238,0.0126050420168067,0.55362811349189,0.00806451612903226,0.176470588235294,165168701.32,167095082.44,0.994202253708784,172.480814056151
"E162","***网络信息安全有限公司",172951726.05,9820,4.37879194586992,198120519.29,471,0.0636942675159236,0.914312855670857,0.0523979542603493,0.0782778864970646,25168793.24,371072245.34,0.127037791593707,1.14552496129888
"E163","***物流有限公司",83757148.81,2576,3.25408127648048,150607486.29,928,0.00969827586206897,1.39590622098695,0.0216483099126472,0.15018315018315,66850337.48,234364635.1,0.443871278425545,1.79814485604862
"E164","个体经营E164",79568946.08,4099,2.13406709078675,134577835.5,1453,0.0144528561596696,0.246277809877902,0.0226514067715784,0.125225767609874,55008889.42,214146781.58,0.408751479882436,1.6913361572578
"E165","***文化传媒股份有限公司",98914209.76,4147,3.09532357651826,133112020.79,2346,0.0485933503836317,0.715433567544124,0.0411560693641618,0.0997697620874904,34197811.03,232026230.55,0.256910013288365,1.3457320349925
"E166","***建筑工程有限公司",3190440.61,168,1.73378111511688,131694081.39,1397,0.184681460272011,0.210315019035774,0.0175438596491228,0.111323155216285,128503640.78,134884522,0.975773849695251,41.2777097236109
"E167","***体育文化股份有限公司",160998816.38,7071,2.25152808371163,140506873.4,4642,0.0196036191296855,1.42025444193576,0.0311044121677172,0.0676842739505925,-20491942.98,301505689.78,-0.145842993186979,0.872719915333827
"E168","***建材有限公司",1481109.26,461,3.20570921001366,92949996.96,399,0,1.22066710189738,0,0.0385542168674699,91468887.7,94431106.22,0.984065526536409,62.7570156167952
"E169","***建筑设计有限公司",79767561.11,5811,4.56082816789374,126772132.54,1410,0.0212765957446809,0.280844583771622,0.0372763419483101,0.0536912751677852,47004571.43,206539693.65,0.370780001000368,1.58926925652372
"E170","***建筑劳务有限公司",35757483.84,1247,3.28060441065001,80955565.4,786,0.0190839694656489,0.15601979368602,0.062406015037594,0.0125628140703518,45198081.56,116713049.24,0.558307280502299,2.26401739457515
"E171","***质量检验测试站",46747377.1,1823,2.52173451161928,114819963.14,7013,0.0161129331241979,1.74904999038852,0.0520020800832033,0.0659296750133191,68072586.04,161567340.24,0.592863681353033,2.4561797958072
"E172","***物流有限公司",46589329.77,464,1.06598363455762,81777712.66,1171,0,0.512243769010819,0.0148619957537155,0.0801256873527101,35188382.89,128367042.43,0.430293068189613,1.75528845475383
"E173","***贸易有限责任公司",122670211.98,1314,1.61906704983406,126715043.66,2370,0.0130801687763713,0.75835821276614,0.0266666666666667,0.0523790483806477,4044831.67999999,249385255.64,0.0319206904182034,1.03297321831203
"E174","***工程技术有限公司",88156791.37,2319,1.64677613326308,106012893.55,1148,0.00435540069686411,0.357757996350765,0.0333472280116715,0.0808646917534027,17856102.18,194169684.92,0.168433306384363,1.20254936576646
"E175","***食品集团有限公司",96006357.72,3930,1.75613026334889,88538017.77,3771,0.0175019888623707,1.39598814757513,0.0395894428152493,0.0768665850673195,-7468339.95,184544375.49,-0.0843517862507484,0.922209943931201
"E176","***科技有限公司",4915047.82,3163,5.62555197282991,100938811.19,1935,0.034625322997416,0.782568193466133,0.0204397646330133,0.107060452238117,96023763.37,105853859.01,0.951306660321685,20.5366895474071
"E177","***电力工程有限公司",86705713.44,3061,3.56139330738446,108403791.21,835,0.0215568862275449,1.24329372786891,0.0288705583756345,0.139175257731959,21698077.77,195109504.65,0.200159768655752,1.25024968839008
"E178","***贸易有限公司",92027013.36,333,1.55629113580573,93590347.02,1019,0.0215897939156035,0.354892403928654,0.0205882352941176,0.0869175627240143,1563333.66,185617360.38,0.0167040053785239,1.01698776916604
"E179","***园林有限公司",38304270.69,2000,2.53389682387534,68239403.89,718,0.0250696378830084,0.222299685207095,0.0588235294117647,0.108074534161491,29935133.2,106543674.58,0.438678116946253,1.78150902394847
"E180","***电气有限公司",72578402.48,3545,5.83159054047636,86031193.92,2023,0.00346020761245675,0.980621808338352,0.0351115949918345,0.0412322274881517,13452791.44,158609596.4,0.156371088520632,1.18535529827495
"E181","***食品有限公司",98319132.11,2974,1.44000377408511,87776513.56,1475,0.00677966101694915,0.7515780970925,0.0242782152230971,0.0611075747931254,-10542618.55,186095645.67,-0.120107510795511,0.892771444135564
"E182","***新材料科技有限公司",84505227.05,972,2.43220976238852,89567855.59,1049,0,0.309398924256674,0.0260521042084168,0.0269016697588126,5062628.54000001,174073082.64,0.0565228284930072,1.05990905789774
"E183","***建设工程有限公司",30408706.76,1408,2.74539428903386,70129068.12,927,0.00215749730312837,0.481383077796615,0.0362765229295003,0.0982490272373541,39720361.36,100537774.88,0.56638940777073,2.30621672514691
"E184","***建筑装饰工程有限公司",42540081.14,1967,3.16496274590637,61623641.38,639,0.0328638497652582,0.168986200529976,0.0281620553359684,0.0273972602739726,19083560.24,104163722.52,0.309679204484557,1.44860187683225
"E185","***生态魔芋有限公司",1279204.2,67,2.52051510185056,102641867.76,5442,0.00147004777655274,1.44837443504679,0.0147058823529412,0.006753057127213,101362663.56,103921071.96,0.98753720847139,80.238845182028
"E186","***建筑劳务有限公司",3393085.81,941,4.32369148179122,86007320,1073,0,0.466305331611598,0.0485338725985844,0.0227686703096539,82614234.19,89400405.81,0.960548871770449,25.347817537217
"E187","个体经营E187",79661144.18,3694,2.51431676631005,3687245.74,16,0,1.28827730834953,0.0479381443298969,0.909090909090909,-75973898.44,83348389.92,-20.6045118218782,0.0462866279157177
"E188","***硬质合金有限公司",90442522.5,2484,2.23729959683181,92649888.08,2073,0.00337674867342016,0.812508566466169,0.0300663803201874,0.0393883225208526,2207365.58,183092410.58,0.0238248056823772,1.02440628057449
"E189","***石油工程技术服务有限公司",32654415.53,3337,5.29665436805505,57079086.24,606,0.0214521452145215,0.14615836039626,0.0191064079952969,0.0546021840873635,24424670.71,89733501.77,0.427909280244988,1.74797451779716
"E190","***劳务有限公司",1880924.07,122,3.15371596986822,135493059.2,344,0.0406976744186047,0.984787317157333,0.046875,0.14214463840399,133612135.13,137373983.27,0.986117930460013,72.0353688705786
"E191","***商贸有限责任公司",304175045.99,1177,3.57147454441596,298536797.42,2731,0.000366166239472721,0.211866784808664,0.0272727272727273,0.0487634970393591,-5638248.56999999,602711843.41,-0.0188862767294571,0.981463803016289
"E192","***建设工程有限公司",20636067.4,98,1.1796548080965,47328279.86,68,0.0294117647058824,0.480185911573681,0.117117117117117,0.209302325581395,26692212.46,67964347.26,0.563980194060659,2.29347379724104
"E193","个体经营E193",19808074.71,1539,1.90361672398144,144082526.08,30077,0.0122020148286066,3.28864978296472,0.0476485148514851,0.0691405403732475,124274451.37,163890600.79,0.862522713552358,7.27392884919102
"E194","***文化传播有限公司",12058188.6,4757,5.04546532887593,97836333.01,11053,0.0353750113091468,2.02528264390181,0.0189729841204372,0.0585980751213696,85778144.41,109894521.61,0.876751425272986,8.11368409099191
"E195","***医药有限公司",89628356.25,2267,2.74030781214854,128740131.53,4626,0.0175097276264591,1.2009979965507,0.0295376712328767,0.0475602223594812,39111775.28,218368487.78,0.303804064942142,1.43637724617983
"E196","***地质制图印刷厂",48920942.28,1336,1.18202364500494,88654916.37,2755,0.0312159709618875,1.01879921418906,0.0360750360750361,0.0698852126941256,39733974.09,137575858.65,0.448186922022134,1.81220786514254
"E197","***医疗设备有限公司",115861235.85,6349,4.15457452345834,215176430.52,4050,0.0128395061728395,0.818320393258071,0.024581348901521,0.0622829358647835,99315194.67,331037666.37,0.461552384849924,1.85719087960169
"E198","***商贸有限公司",66423102.82,1109,1.41729943772612,78365074.61,728,0.0755494505494505,0.165645573967144,0.033129904097646,0.100123609394314,11941971.79,144788177.43,0.152388954511071,1.17978641892658
"E199","***建筑劳务有限公司",169812.23,47,2.83751049395727,80167807.71,808,0.111386138613861,0.0739699542036002,0.0208333333333333,0.0146341463414634,79997995.48,80337619.94,0.997881790274043,472.096784253996
"E200","个体经营E200",54703556.73,1201,1.63445067416245,56572481.15,564,0.0212765957446809,0.231532992435655,0.0298869143780291,0.0799347471451876,1868924.42,111276037.88,0.0330359281051261,1.03416458694312
"E201","***物流有限责任公司",43804428.97,463,2.10259579826186,53139773.82,1084,0.014760147601476,0.820656246175812,0.0354166666666667,0.101905550952775,9335344.85,96944202.79,0.175675283858406,1.21311417748177
"E202","个体经营E202",11549645.87,364,1.65884381095102,106815222.8,1096,0,0.131094039263048,0.099009900990099,0.00904159132007233,95265576.93,118364868.67,0.89187266040136,9.24835479825842
"E203","***建设工程有限公司",25391716.94,1142,2.57866927885799,51831265.49,578,0.00346020761245675,0.308569162491762,0.0538525269262635,0.0926216640502355,26439548.55,77222982.43,0.510108103671539,2.04126667024825
"E204","***科技发展有限公司",67833101.3,5029,3.12219415376071,107772150.43,1339,0.0246452576549664,0.431920503902732,0.036036036036036,0.20297619047619,39939049.13,175605251.73,0.370587846402315,1.58878406507414
"E205","个体经营E205",29487150.5,137,1.22944521410613,87545027.2,967,0.0093071354705274,0.265591311495851,0.0927152317880795,0.0406746031746032,58057876.7,117032177.7,0.663177322080951,2.96892123231779
"E206","***建设工程有限公司",77870296.33,3557,3.53145660382662,103028820.39,913,0.00109529025191676,1.05405272933671,0.033161185104648,0.0519210799584631,25158524.06,180899116.72,0.244189188663582,1.32308242353905
"E207","个体经营E207",77548574.76,3298,1.90385366134038,131075251.17,1393,0.00717875089734386,0.211177769553592,0.025989367985824,0.0445816186556927,53526676.41,208623825.93,0.40836600298082,1.69023417355711
"E208","个体经营E208",87849006.12,963,0.589975093726,91520176.31,897,0.0222965440356745,0.178004687969585,0.0133196721311475,0.127431906614786,3671170.19,179369182.43,0.040113233365776,1.0417895472259
"E209","***工程检测有限公司",46595575.48,8128,5.09185864575968,77712950.18,1223,0.0498773507767784,0.576129109224162,0.0277511961722488,0.170847457627119,31117374.7,124308525.66,0.400414276229707,1.66781822907963
"E210","***建筑工程有限公司",6432121.39,536,2.43395260558199,55293482.07,557,0,0.120907616489649,0.0254545454545455,0.067001675041876,48861360.68,61725603.46,0.883673063276118,8.59646121666245
"E211","个体经营E211",22649392.37,403,2.7961832395053,53178464.69,1470,0.0102040816326531,0.752899432232189,0.0358851674641148,0.101466992665037,30529072.32,75827857.06,0.57408713278894,2.34789807255213
"E212","***建电管理咨询有限公司",157443.54,133,3.46938949101349,83556508.05,1497,0.0133600534402138,0.708402244899088,0.036231884057971,0.109458655562165,83399064.51,83713951.59,0.998115723793702,530.707757523745
"E213","***科技有限公司",53877880.13,2103,5.43448879871024,66880665.36,1148,0.0200348432055749,0.699102013773564,0.0406021897810219,0.0960629921259843,13002785.23,120758545.49,0.194417701438968,1.24133810013731
"E214","***建筑工程有限公司",38010438.08,692,1.46374962218987,71195694.41,713,0.0196353436185133,1.29029538452427,0.0635994587280108,0.178571428571429,33185256.33,109206132.49,0.466113247507547,1.87305640256383
"E215","***建筑工程有限公司",238954.21,172,3.45096667446074,69752238.59,756,0,0.281335963865709,0.0227272727272727,0.092436974789916,69513284.38,69991192.8,0.99657424313785,291.906296984682
"E216","***建设工程有限公司",36694905.2,3340,3.87335256330763,64595814.54,685,0.0072992700729927,0.217987011738229,0.0304789550072569,0.114987080103359,27900909.34,101290719.74,0.431930606320055,1.7603483150571
"E217","个体经营E217",61169230.95,202,1.05821536100475,2841057.5,34,0,0.396570821594992,0.0560747663551402,0.954606141522029,-58328173.45,64010288.45,-20.530444543977,0.0464458593949349
"E218","***建设工程有限公司",43781938.4,1026,2.93812410342448,42653722.33,137,0,1.23906303181195,0.0706521739130435,0.40948275862069,-1128216.07,86435660.73,-0.0264505887967129,0.974231016002709
"E219","***品牌营销策划有限公司",40761418.01,4299,2.54535863726965,45781941.74,491,0.0672097759674134,0.315894822446959,0.035016835016835,0.211878009630819,5020523.73,86543359.75,0.109661660016782,1.12316852492149
"E220","***文化传播有限公司",59364959,5708,3.13476615531552,85727355.03,1233,0.0089213300892133,0.533117493217902,0.0387335803300775,0.0493446414803392,26362396.03,145092314.03,0.307514398651102,1.44407334687117
"E221","***测绘服务有限公司",34101042.05,4429,6.54312825889844,50851076.4,652,0.0214723926380368,0.422155705612373,0.0144637294170004,0.0605187319884726,16750034.35,84952118.45,0.329393899516353,1.49118834331926
"E222","***数码科技有限公司",63998319.71,4325,2.76064146380662,71684826.54,1023,0.0254154447702835,0.605915894096183,0.0654710458081245,0.256540697674419,7686506.83000001,135683146.25,0.10722641318956,1.12010482251457
"E223","***科技有限公司",43788544.2,2505,3.30439438647315,38594335.81,477,0.0440251572327044,0.445251482586068,0.0453506097560976,0.0982986767485822,-5194208.39,82382880.01,-0.134584733251301,0.881379742466981
"E224","***纸业有限公司",115171219.8,723,1.4050615710232,114071359.03,1110,0.0126126126126126,0.183692765943998,0.0474308300395257,0.0150842945874002,-1099860.77,229242578.83,-0.00964186610339884,0.990450211676928
"E225","***物业服务有限责任公司***分公司",48766457.31,4173,2.27798053933503,77023034.96,8315,0.0120264582080577,1.78127394052107,0.0367036011080332,0.0627817853922453,28256577.65,125789492.27,0.366858793147717,1.57942649945592
"E226","***建设工程有限公司",56302963.86,1022,2.11021694137817,50281483.33,516,0.0116279069767442,0.244817665151912,0.0238777459407832,0.0685920577617329,-6021480.53,106584447.19,-0.119755427469805,0.893052157165781
"E227","***安全技术有限公司",56138439.78,2778,2.06549297727929,61175726.48,687,0.00873362445414847,0.295368180905598,0.0557443915703603,0.0741239892183288,5037286.7,117314166.26,0.0823412649075254,1.08972972387085
"E228","***文化发展有限公司",33033491.01,2665,4.43858574777285,82873264.5,993,0.104733131923464,0.342885978478384,0.028436018957346,0.155612244897959,49839773.49,115906755.51,0.601397492794555,2.50876495236039
"E229","***家贸易有限公司",65197769.09,1570,1.37277144682207,63619467.43,773,0.00129366106080207,0.487426322639187,0.0314620604565083,0.103248259860789,-1578301.66,128817236.52,-0.0248084701704961,0.975792091017389
"E230","***建筑劳务有限公司",125526.73,83,1.9903899250383,54335737.04,592,0.0337837837837838,0.238389329920469,0.0119047619047619,0.124260355029586,54210210.31,54461263.77,0.99768979428939,432.861885592017
"E231","***建筑科技有限公司",37507897.09,681,2.59819869109409,36095851.29,370,0,0.172339814801168,0.0201438848920863,0.0931372549019608,-1412045.8,73603748.38,-0.0391193378057605,0.962353373301313
"E232","***投资发展有限责任公司",42138102.58,782,0.949220479018882,68385509.64,113,0.079646017699115,0.770074763921497,0.0555555555555556,0.0423728813559322,26247407.06,110523612.22,0.383815331612991,1.62289010308826
"E233","***劳务有限公司",434065.07,718,2.78683638801331,21424903.54,223,0,0.313540715348842,0.0123796423658872,0.0630252100840336,20990838.47,21858968.61,0.979740162228054,49.3587367903158
"E234","***机电设备商贸有限公司",5003677.14,919,4.23893311602007,46525838.37,580,0.00689655172413793,0.383272907644528,0.0285412262156448,0.0397350993377483,41522161.23,51529515.51,0.892453799538057,9.2983294221897
"E235","个体经营E235",16186123.56,593,3.65464902642693,46804069.84,944,0.00423728813559322,0.864862101440753,0.0310457516339869,0.0690335305719921,30617946.28,62990193.4,0.654172732941123,2.89161698701378
"E236","个体经营E236",5323700.83,197,1.45580010682898,49844025.1,518,0.0250965250965251,0.153385688050341,0.0343137254901961,0.223388305847076,44520324.27,55167725.93,0.893192798548687,9.36266456205053
"E237","个体经营E237",27742917.79,1900,2.37034901884078,21652041.88,221,0,0.164192941011853,0.0191017036654621,0.250847457627119,-6090875.91,49394959.67,-0.281307229302293,0.780452944563911
"E238","个体经营E238",17438177.73,3808,5.62535648512714,68790425.75,11256,0.0494847192608387,0.589317678655658,0.0233393177737881,0.0685203574975174,51352248.02,86228603.48,0.74650283756966,3.94481733212614
"E239","个体经营E239",29321733.18,367,1.61662692417691,30587903.13,306,0.00980392156862745,0.244366609615363,0.0316622691292876,0.120689655172414,1266169.95,59909636.31,0.0413944671074287,1.04318196138773
"E240","个体经营E240",31471968.7,1085,3.10509481277528,17527486.78,20,0,0.29523726266063,0.0329768270944742,0.838709677419355,-13944481.92,48999455.48,-0.795577945373866,0.556923748465726
"E241","个体经营E241",6820665.86,415,1.61636217917368,44237407.84,721,0.00693481276005548,0.649700337129081,0.0281030444964871,0.0919395465994962,37416741.98,51058073.7,0.845816782830736,6.48579020699894
"E242","个体经营E242",21014215.23,503,1.52620091156811,1736886.8,18,0,0.253542655888881,0.0194931773879142,0.931558935361217,-19277328.43,22751102.03,-11.0987822752755,0.0826529461600075
"E243","***科技有限公司",4906570.41,681,1.84758303632461,37084295.66,677,0,0.75806108426882,0.0229555236728838,0.0478199718706048,32177725.25,41990866.07,0.867691422401954,7.55808896259169
"E244","个体经营E244",16046427.86,1105,2.52328132683746,41795063.81,443,0.0293453724604966,0.273182938356565,0.0399652476107732,0.173507462686567,25748635.95,57841491.67,0.61606882733935,2.60463351561162
"E245","***建筑劳务有限公司",147888.79,264,2.21694183530082,29325728.35,309,0.058252427184466,0.177213886727315,0.00377358490566038,0.124645892351275,29177839.56,29473617.14,0.99495702925994,198.295816403664
"E246","***物业服务有限公司",7181355.95,1298,7.34563762760012,34683651.1,749,0.0186915887850467,0.809367982469128,0.0511695906432749,0.0965018094089264,27502295.15,41865007.05,0.792946944100703,4.82967998543506
"E247","***石化有限公司",13782718.68,915,1.90522983000975,24933415.87,333,0,0.440187839891899,0.0296924708377519,0.0724233983286908,11150697.19,38716134.55,0.447218995108351,1.80903466499543
"E248","***智能科技有限公司",15390209.21,1466,3.59076351479107,22831562.99,353,0.0169971671388102,0.623857629467429,0.0297816015883521,0.128395061728395,7441353.78,38221772.2,0.325923975649816,1.48351219131998
"E249","***建筑工程有限公司",28465868.35,620,3.1155466996571,53619131.21,470,0,1.01414548795604,0.13769123783032,0.00423728813559322,25153262.86,82084999.56,0.469109854866669,1.88362886214219
"E250","***塑料厂",9635754.72,427,2.4472036857315,40426658.99,660,0.0333333333333333,0.603095734251445,0.0273348519362187,0.151670951156812,30790904.27,50062413.71,0.761648502232561,4.19548443943787
"E251","***医疗器械有限责任公司",11213916.33,1355,2.5782051833286,16619975.8,274,0.0510948905109489,0.644853481912943,0.0700068634179822,0.13015873015873,5406059.47,27833892.13,0.325274809966932,1.48208487658655
"E252","***印务有限公司",30389037.22,905,1.77204812810829,46559614.38,517,0.0193423597678917,1.22457514314439,0.0553235908141962,0.044362292051756,16170577.16,76948651.6,0.347309086970149,1.53211877174436
"E253","***钢结构工程有限公司",19986274.39,1196,1.89298254076985,25627232.63,318,0.00943396226415094,0.373081676612738,0.0331447049312854,0.165354330708661,5640958.24,45613507.02,0.220115777674587,1.28224160891249
"E254","***设备安装工程有限公司",3614013.58,236,4.14273374280173,38611369.22,456,0.0043859649122807,0.292262198652126,0.00421940928270042,0.0750507099391481,34997355.64,42225382.8,0.906400273986451,10.683791957417
"E255","个体经营E255",13424556.45,1331,5.31092367991737,48408237.33,599,0.0500834724540902,0.51456514737971,0.0334059549745824,0.0625978090766823,34983680.88,61832793.78,0.72268032900094,3.60594687133965
"E256","***物资有限公司",11938511.21,270,0.817388204297262,34879167.25,892,0.00896860986547085,0.855792433616559,0.0357142857142857,0.029379760609358,22940656.04,46817678.46,0.657717997553396,2.92156757542635
"E257","***门窗安装有限公司",17645799.98,337,1.48522140283105,28286808.48,317,0.0347003154574132,0.295055871431757,0.0426136363636364,0.121883656509695,10641008.5,45932608.46,0.376182718086547,1.60303349873968
"E258","***国际货运有限公司",16185939.64,2233,2.55189941188922,73359595.29,2380,0.0218487394957983,1.17870008111983,0.0366695427092321,0.0460921843687375,57173655.65,89545534.93,0.779361655745034,4.53230377238698
"E259","***文化传媒有限公司",20067901.02,2321,2.08642493533327,35398428.56,707,0.0226308345120226,0.653758123160767,0.0572705117790414,0.135696821515892,15330527.54,55466329.58,0.433084974775502,1.76393278623018
"E260","***广告有限公司",20468442.59,1343,1.98918777030166,26227514.31,1405,0.0170818505338078,1.54346613780771,0.0161172161172161,0.115239294710327,5759071.72,46695956.9,0.219581301221679,1.28136345472682
"E261","***医疗器械有限公司",9851897,1338,2.99922367003495,18909020.41,1367,0.0175566934893928,1.21525735675003,0.0346320346320346,0.116925064599483,9057123.41,28760917.41,0.478984273834204,1.91932786244111
"E262","个体经营E262",18858875.21,320,0.88853858557792,28494667.03,656,0.013719512195122,1.03205867513703,0.027355623100304,0.0520231213872832,9635791.82,47353542.24,0.338161235920222,1.5109420213402
"E263","***通信工程有限公司",15049940.91,490,3.26449415796191,30134165.02,404,0.0445544554455446,0.481375573411686,0.0120967741935484,0.185483870967742,15084224.11,45184105.93,0.500568842706895,2.00227796243221
"E264","个体经营E264",28038108.71,1502,3.03225248313422,1365389.73,24,0,0.863589260527856,0.0670807453416149,0.943262411347518,-26672718.98,29403498.44,-19.5348759361183,0.0486976402054188
"E265","***净化工程有限公司",23936426.65,1968,2.98189704521571,29165245.6,401,0.0399002493765586,0.498638380608925,0.0329238329238329,0.155789473684211,5228818.95,53101672.25,0.179282527625963,1.21844609583778
"E266","***煤矿机械有限公司",1339925.32,289,4.05977494637835,32043545.44,450,0.02,0.514302006802766,0.0203389830508475,0.0702479338842975,30703620.12,33383470.76,0.958184236431985,23.9144263950472
"E267","***林园艺场",1041604,189,3.29153101881063,18339334.67,202,0.0247524752475248,0.229673178192769,0.015625,0.110132158590308,17297730.67,19380938.67,0.943203828342591,17.6068205095219
"E268","***建筑劳务有限公司",6029728,42,1.55362185324508,28815438.52,342,0.0263157894736842,0.403328935746833,0.106382978723404,0.05,22785710.52,34845166.52,0.790746616754941,4.77889525364992
"E269","***节能服务有限公司",1035305.25,169,4.39540031559502,35605824.93,194,0.0463917525773196,1.5127200190692,0.00588235294117647,0.130044843049327,34570519.68,36641130.18,0.970923149455591,34.3916201815841
"E270","个体经营E270",6806372.37,548,2.1366392700469,24033827.08,335,0.0298507462686567,0.545487133557666,0.0231729055258467,0.192771084337349,17227454.71,30840199.45,0.716800310356564,3.53107731600644
"E271","***科技有限公司",31150016.37,1638,2.95629101754939,40371382.71,440,0.0340909090909091,2.40106614203579,0.0353356890459364,0.210053859964093,9221366.34,71521399.08,0.228413438455648,1.29603086658025
"E272","个体经营E272",5103959.96,1168,2.93646138344993,19241921.44,542,0.0608856088560886,1.09549048026333,0.0315091210613599,0.0890756302521008,14137961.48,24345881.4,0.734747905716426,3.76999850915758
"E273","个体经营E273",11691520.22,1460,3.12396400060048,23941672.15,7961,0.00163296068333124,0.702046989968018,0.055627425614489,0.0105642555306985,12250151.93,35633192.37,0.511666514070113,2.04778093006625
"E274","***建筑劳务有限公司",36788,12,2.27723506858394,12285645.28,136,0.0147058823529412,0.245055806239917,0,0.116883116883117,12248857.28,12322433.28,0.99700561108826,333.95795585517
"E275","***网络工程有限公司",1794097.75,364,4.44731670155828,26364477.19,357,0.0672268907563025,0.459251298003682,0.0395778364116095,0.19047619047619,24570379.44,28158574.94,0.931950186720164,14.695117470606
"E276","***体育设施工程有限公司",4294193.12,1022,4.46753393568857,14510913.46,169,0.0473372781065089,0.290199036379754,0.0173076923076923,0.202830188679245,10216720.34,18805106.58,0.704071481658468,3.37919442710113
"E277","***消防设备制造有限公司",14190175.51,319,0.964998856491318,21157320.06,254,0.00393700787401575,0.415999271847045,0.0449101796407186,0.0627306273062731,6967144.55,35347495.57,0.329301845897396,1.49098367705813
"E278","***贸易有限公司",12684673.86,389,1.23119719376793,15369682.87,222,0.00900900900900901,0.566805453625317,0.0395061728395062,0.0672268907563025,2685009.01,28054356.73,0.174695147109434,1.21167347616772
"E279","***环保包装有限公司",19440061.31,600,1.15875266488921,27718236.22,500,0.066,0.685988487249695,0.0306946688206785,0.0494296577946768,8278174.91,47158297.53,0.298654461427344,1.42583069970781
"E280","个体经营E280",14112182.98,544,1.5581672832788,20044275.56,549,0.00728597449908925,0.83249018026729,0.0198198198198198,0.0663265306122449,5932092.58,34156458.54,0.295949462590605,1.42035258389202
"E281","***商业管理有限责任公司",21614464.91,1002,3.88603826884402,17838526.18,551,0.00544464609800363,1.05219500745852,0.0564971751412429,0.0516351118760757,-3775938.73,39452991.09,-0.211673245418305,0.825305010060506
"E282","***影城有限公司***分公司",13639714.99,752,2.07083234969788,22577740.55,1959,0.00918836140888208,2.03458603631616,0.0540880503144654,0.277388417558097,8938025.56,36217455.54,0.395877769088812,1.6552941587528
"E283","***机械铸造有限责任公司",17369732.99,582,1.16087273814173,22691463.44,291,0,0.348312060627405,0.0443349753694581,0.0267558528428094,5321730.45,40061196.43,0.234525660456918,1.30637951965432
"E284","***成焊科技有限公司",12275303.81,1007,1.59219933774227,18488300.5,429,0.00466200466200466,0.881670432069006,0.0482041587901701,0.0793991416309013,6212996.69,30763604.31,0.336050178868523,1.50613791610914
"E285","个体经营E285",18808321.66,730,2.32339258528537,35045355.51,458,0.0152838427947598,0.502496724477704,0.0544041450777202,0.187943262411348,16237033.85,53853677.17,0.463314856240133,1.86328988537726
"E286","***印务有限公司",12889214.06,290,1.12323822204927,14394029.12,199,0.0251256281407035,0.511769572580824,0.0491803278688525,0.228682170542636,1504815.06,27283243.18,0.104544394585746,1.11674994712595
"E287","***鞋材有限公司",16746076.03,422,1.0232168055424,17533795.7,267,0.00374531835205993,0.473872703595183,0.0865800865800866,0.135922330097087,787719.67,34279871.73,0.0449257926508178,1.04703905969308
"E288","个体经营E288",15170346.13,575,1.48633738998569,19353257.73,240,0.0166666666666667,0.348297711464707,0.0120274914089347,0.220779220779221,4182911.6,34523603.86,0.216134754073778,1.27572947671432
"E289","***运业有限公司***分公司",7934650.25,3307,2.25692843469204,21898854.91,1567,0.01531589023612,1.66952717993233,0.00839580209895052,0.0667063728409768,13964204.66,29833505.16,0.637668257878786,2.75990172471685
"E290","***机电有限公司",6112651.13,859,2.84534422738346,19801590.37,988,0.0192307692307692,1.45737994387177,0.0137772675086108,0.121777777777778,13688939.24,25914241.5,0.691305040868796,3.2394438924899
"E291","***文业建设工程有限公司",18788386.6,372,4.37474096642465,13248849.02,129,0.0155038759689922,0.281136783065379,0.0534351145038168,0.203703703703704,-5539537.58,32037235.62,-0.418114628043365,0.70516161403662
"E292","***物流有限公司",7488457,323,1.42600795730894,12493106.99,1278,0.00156494522691706,0.193365931673986,0.0358208955223881,0.0296127562642369,5004649.99,19981563.99,0.400592902470613,1.6683152470529
"E293","***物资有限公司",8573544.46,56,1.67899873817552,8831231.14,107,0,0.421264016946468,0.0508474576271186,0.0854700854700855,257686.68,17404775.6,0.0291790211257,1.03005602655964
"E294","个体经营E294",4606561.58,845,3.35038792684172,26420024.01,310,0.0032258064516129,0.345396719327052,0.0253748558246828,0.136490250696379,21813462.43,31026585.59,0.825641279574295,5.73530247043827
"E295","***电器设备制造有限公司",12921396.44,818,3.27224691842887,16100447.93,206,0.0145631067961165,0.441298006392212,0.0421545667447307,0.179282868525896,3179051.49,29021844.37,0.197451120852139,1.24603002506438
"E296","***装饰设计工程有限公司",7143624.61,1446,3.14386012992586,16873297.39,219,0.0867579908675799,0.488389595503253,0.0634715025906736,0.130952380952381,9729672.78,24016922,0.576631381235912,2.362007847722
"E297","***建筑机械租赁有限公司",11818960,50,0.890086377591582,15690373,162,0,0.15344465950688,0,0.114754098360656,3871413,27509333,0.246738111324696,1.3275595314647
"E298","***电器维护服务有限公司",5834734,902,0.664822913996812,17023616.3,2436,0.0119047619047619,0.572875564699275,0.0077007700770077,0.134020618556701,11188882.3,22858350.3,0.65725649020884,2.91763365733554
"E299","***压缩天然气有限责任公司",27325580.89,570,2.70901365339952,22972443.16,495,0.0121212121212121,1.75943315972716,0.0371621621621622,0.0917431192660551,-4353137.73,50298024.05,-0.189493894910566,0.84069368012619
"E300","***建设工程有限公司",16333842.47,747,1.650390283679,21038738.77,223,0.0179372197309417,0.259733300273517,0.0311284046692607,0.0934959349593496,4704896.3,37372581.24,0.223630149669851,1.28804589664933
"E301","***企业管理咨询有限公司",4136788.67,2971,3.41352510728781,16609162.16,428,0.0186915887850467,0.947407570008673,0.0191482337405084,0.0655021834061135,12472373.49,20745950.83,0.750933332449323,4.01498927911152
"E302","***机电设备有限公司",3630375.41,899,6.5287881915085,10941062.2,261,0.00383141762452107,0.866292680007189,0.0586387434554974,0.0968858131487889,7310686.79,14571437.61,0.668188029312181,3.01375504303562
"E303","***图书发行有限公司",2423671.97,682,9.13797745260973,16431556.12,315,0.00317460317460317,0.58132229207345,0.0158730158730159,0.125,14007884.15,18855228.09,0.852498938487635,6.77961222615451
"E304","***环保科技有限公司",19042870.27,588,2.16998979507771,10784176.79,951,0,1.50235856388123,0.0313014827018122,0.075801749271137,-8258693.48,29827047.06,-0.765815846755977,0.566310468805184
"E305","***劳务有限公司",19564194.07,575,3.84650700871969,51122985.23,321,0.00623052959501558,1.35812316231576,0.0254237288135593,0.105849582172702,31558791.16,70687179.3,0.617311196089556,2.6130892510616
"E306","个体经营E306",4039762.78,1225,4.23853600522759,14115656.24,329,0.0212765957446809,0.885015079658343,0.0207833733013589,0.138743455497382,10075893.46,18155419.02,0.713809778921054,3.4941794874401
"E307","***通信工程有限公司",3229215.43,452,3.33706972992612,6688991.92,98,0,0.609075374750061,0.0195227765726681,0.147826086956522,3459776.49,9918207.35,0.517234365264415,2.07139847588304
"E308","***餐饮文化服务有限公司",8531115.35,487,1.56392977459337,12436161.53,1613,0.00681959082455053,0.448132667731709,0.0525291828793774,0.199503722084367,3905046.18,20967276.88,0.314007354325511,1.45774157537326
"E309","个体经营E309",6987278.74,934,2.27220547724566,13613105.5,172,0.0116279069767442,0.416136683514733,0.0527383367139959,0.184834123222749,6625826.76,20600384.24,0.486724117432279,1.94826999273254
"E310","***律师事务所",4673030.1,1839,4.73017188442425,12355560.53,938,0.0319829424307036,1.36095705602493,0.0123523093447905,0.0591775325977934,7682530.43,17028590.63,0.621787284465677,2.64401475393878
"E311","***律师事务所",2173121.99,2514,3.0299552519615,12301140.01,411,0.0437956204379562,0.99100270044002,0.0117924528301887,0.119914346895075,10128018.02,14474262,0.823339788976193,5.66058420401885
"E312","***家居用品有限公司",85463449.95,4433,3.24028685556329,15268705.05,666,0.0225225225225225,1.22637152174563,0.0470765262252794,0.0248901903367496,-70194744.9,100732155,-4.59729523035092,0.178657719281551
"E313","***物流有限公司",8183833.91,325,1.75631979588057,15349203.91,279,0.028673835125448,0.702050209204978,0.0181268882175227,0.0606060606060606,7165370,23533037.82,0.466823559190048,1.87555173758408
"E314","***房地产营销策划有限公司",3121332.55,1237,5.19020241597633,7929048,110,0.0181818181818182,0.423465904981159,0.00960768614891913,0.133858267716535,4807715.45,11050380.55,0.606342079149981,2.5402765879592
"E315","***轮胎有限公司",2612809.51,376,2.6487091977445,13258475.03,1533,0.00195694716242661,0.397452642206231,0.0309278350515464,0.029746835443038,10645665.52,15871284.54,0.802932878472978,5.07441318598079
"E316","个体经营E316",2830335.65,754,5.33809073405668,13409978.4,404,0.0321782178217822,1.1103544997157,0.0169491525423729,0.114035087719298,10579642.75,16240314.05,0.788938090310421,4.7379463280265
"E317","***科技有限公司",1735945.89,347,4.67149495410486,6723373.19,171,0.0584795321637427,0.781931218919198,0.019774011299435,0.181818181818182,4987427.3,8459319.08,0.741804323374172,3.8730315436272
"E318","***商贸有限公司",1479003,297,2.68806101314234,12934721.47,349,0.00573065902578797,0.628610428035651,0.01,0.146699266503667,11455718.47,14413724.47,0.885656370457585,8.74556810905725
"E319","个体经营E319",8409262.15,176,0.874476285157897,15834642.97,691,0.00868306801736614,1.05770543842355,0.032967032967033,0.068733153638814,7425380.82,24243905.12,0.468932632966085,1.88300027844892
"E320","***建筑设计有限公司",6765048.12,231,12.0736719663064,9009170.31,92,0,0.107106293661947,0.0532786885245902,0.0612244897959184,2244122.19,15774218.43,0.249093103224952,1.33172301958438
"E321","***生物流有限公司",6031672.51,62,0.742922719552488,13112707.91,365,0.0164383561643836,0.942504950134861,0.0158730158730159,0.14519906323185,7081035.4,19144380.42,0.540013203115725,2.17397544184639
"E322","***装饰工程设计有限公司",10321581.65,884,2.70301340314927,14705401.12,832,0.0516826923076923,1.43289760501641,0.0221238938053097,0.0545454545454545,4383819.47,25026982.77,0.298109479246901,1.42472361491226
"E323","***建筑装饰工程有限公司",4818901.92,468,2.39172420345574,5969410.87,117,0,0.85729920777703,0.0658682634730539,0.290909090909091,1150508.95,10788312.79,0.192734086337066,1.23874919413176
"E324","***汽贸有限公司",92014235.15,1569,0.798852565043533,15398344.04,339,0.0176991150442478,0.786144675381762,0.0320789636027144,0.185096153846154,-76615891.11,107412579.19,-4.9755928891429,0.167347411135874
"E325","***通讯器材有限公司",35540512.7,513,2.29822210888663,13368199.57,4001,0.00724818795301175,2.71419568308226,0.0320754716981132,0.042822966507177,-22172313.13,48908712.27,-1.65858633497345,0.376139750229321
"E326","***包装材料有限公司",10208729.25,270,0.959900140658304,12813213.69,181,0,0.545180670003259,0.0559440559440559,0.0858585858585859,2604484.44,23021942.94,0.203265511917018,1.25512327501486
"E327","个体经营E327",12361512.57,466,1.37636933242154,20943719.36,251,0.00398406374501992,0.362676972255358,0.0291666666666667,0.0738007380073801,8582206.79,33305231.93,0.409774722554342,1.69426833823136
"E328","***科技有限公司",2604973.42,447,3.0181755381452,10015290.78,144,0.0277777777777778,0.541298736972528,0.0387096774193548,0.121951219512195,7410317.36,12620264.2,0.739900370621091,3.84468060330535
"E329","***园艺有限责任公司",1327,5,0.165950115484275,11070606.1,124,0,0.251424146552093,0,0.0387596899224806,11069279.1,11071933.1,0.999880133030837,8342.58183873399
"E330","***酒店管理有限公司",2886815.88,1344,2.15188039003672,8596053.74,7773,0.00437411552811012,1.81784030040817,0.0218340611353712,0.00765990042129452,5709237.86,11482869.62,0.664169633262437,2.97769379736126
"E331","***广告有限公司",1275490.22,139,3.04978643250294,6636541.75,88,0.0340909090909091,0.416348934228864,0.0347222222222222,0.0736842105263158,5361051.53,7912031.97,0.807808001810582,5.20313025214729
"E332","***商贸有限公司",20491149.75,817,3.7716873659487,35932114.59,378,0.00793650793650794,0.345343851486699,0.02389486260454,0.0257731958762887,15440964.84,56423264.34,0.429726026875615,1.75354311633977
"E333","***房地产营销策划有限公司",1429381.66,844,7.74572389878266,7361516.65,127,0.0078740157480315,0.669551095554832,0.00588928150765607,0.072992700729927,5932134.99,8790898.31,0.805830547160414,5.15014069090547
"E334","***机械科技有限公司",6299718.03,147,1.12212376221321,9021369.97,185,0.0324324324324324,0.857909644057118,0.02,0.0609137055837563,2721651.94,15321088,0.301689427332066,1.4320275807646
"E335","***挖掘机租赁经营部",3600455.01,431,3.25366464903617,6017598.19,272,0,1.39616181216579,0.0182232346241458,0.2,2417143.18,9618053.2,0.401679059266003,1.6713438088482
"E336","***猕猴桃专业合作社",262138,7,1.3620593666412,2879237.11,48,0,0.720217381502822,0,0.0943396226415094,2617099.11,3141375.11,0.908955744183222,10.9836693268431
"E337","个体经营E337",318168.78,66,2.64833611456791,12897738.38,678,0.0103244837758112,1.21319293750312,0.0434782608695652,0.10079575596817,12579569.6,13215907.16,0.975331428609734,40.5374103015387
"E338","***商贸有限公司",612282.99,251,2.04376252012579,7678256.58,82,0,0.124573731256233,0.00396825396825397,0.0786516853932584,7065973.59,8290539.57,0.920257550184654,12.5403721896635
"E339","***居益卫浴家h厂",3332779.6,126,1.2263739244065,4809671.92,168,0.0238095238095238,1.01413212582622,0,0.0454545454545455,1476892.32,8142451.52,0.307067164780753,1.44314131063452
"E340","***物流有限公司",32170,10,1.28562288819489,8912555.92,137,0.0802919708029197,0.518387382460869,0.0909090909090909,0.164634146341463,8880385.92,8944725.92,0.996390485480399,277.045567920423
"E341","***纺织品有限公司",1645069.24,53,1.42065605720597,3886660,69,0,0.532250852196751,0,0.08,2241590.76,5531729.24,0.576739606757473,2.36261180106924
"E342","***裕华机械厂",2571396.2,245,1.95170301534504,5705750.46,132,0.00757575757575758,0.77279609940574,0.0684410646387833,0.169811320754717,3134354.26,8277146.66,0.549332516725591,2.2189308905411
"E343","***五金工具经营部",840,3,0,2761503.94,401,0.0249376558603491,0.457339576264949,0,0.0739030023094688,2760663.94,2762343.94,0.999695817924489,3287.50469047619
"E344","***机械有限公司",1833247.89,118,2.02742009606592,3206740,88,0.0568181818181818,0.944107741012878,0.0247933884297521,0.0537634408602151,1373492.11,5039987.89,0.428314147701404,1.7492124319314
"E345","***科技有限公司",660828.14,249,3.08794271561808,2513970,75,0,0.898665044432136,0.0158102766798419,0.137931034482759,1853141.86,3174798.14,0.737137618985111,3.80427201541387
"E346","个体经营E346",2796189.34,487,1.97656882292928,2794822.44,605,0.00330578512396694,0.826359230457794,0.0181451612903226,0.062015503875969,-1366.89999999991,5591011.78,-0.000489082948682746,0.999511156136515
"E347","***不锈钢材料有限公司",1122899.58,85,1.11764642511933,2456674.22,170,0,1.2995004406951,0.0229885057471264,0.19047619047619,1333774.64,3579573.8,0.542918808339186,2.18779511877634
"E348","***酒店管理有限公司",818688.27,192,1.88765008263326,2383250.42,4050,0.00790123456790123,0.585350167416588,0.04,0.0513000702740689,1564562.15,3201938.69,0.656482481601744,2.91105968820098
"E349","***营销策划广告有限公司",7446.05,9,1.14962735233863,3428946,39,0,0.305050638103393,0,0,3421499.95,3436392.05,0.997828472656029,460.505368618261
"E350","***演艺设备有限公司",445177.27,623,5.07477527920149,1550645,52,0.0192307692307692,1.07396017711655,0.0095389507154213,0.133333333333333,1105467.73,1995822.27,0.712908325245301,3.48320793646989
"E351","***文化传播有限公司",311934.05,100,4.09114376804119,1089240.3,52,0,1.25686619257703,0.0099009900990099,0.133333333333333,777306.25,1401174.35,0.7136223751545,3.49189291774976
"E352","***居装饰工程有限公司",15618022.04,735,2.59380539129193,2729461,47,0,0.606797928882337,0.0107671601615074,0.0961538461538462,-12888561.04,18347483.04,-4.72201692568606,0.174763551556622
"E353","***税务师事务所有限公司",346780.78,224,1.5784507871098,3122166.6,68,0.0588235294117647,0.649071461038824,0.0427350427350427,0.15,2775385.82,3468947.38,0.888929444059776,9.00328616828187
"E354","***广告有限公司",663680,65,1.54672507349938,2416100.4,293,0.0238907849829352,0.392474918398831,0.0298507462686567,0.0928792569659443,1752420.4,3079780.4,0.72530942836647,3.64045986017358
"E355","***地毯经营部",530560,3,1.72930856790068,1230185.81,263,0,0.754716101605356,0.25,0.0573476702508961,699625.81,1760745.81,0.568715558505751,2.31865540183957
"E356","***建材装饰部",16160,3,1.64201846361109,1553531.96,189,0,0.275707266752473,0,0.0104712041884817,1537371.96,1569691.96,0.989597896653507,96.1344034653465
"E357","***家居经营部",67075.2,10,0.965801466444275,1369999.74,144,0,0.175549435505548,0,0.0649350649350649,1302924.54,1437074.94,0.951039990708319,20.4248327250608
"E358","***五金经营部",560,2,0,2277995.43,259,0.131274131274131,0.229657033395315,0,0.13953488372093,2277435.43,2278555.43,0.999754169831675,4067.84898214286
"E359","***厨房用品经营部",560,2,0,1259414.02,224,0.0133928571428571,0.598986481496464,0,0.0781893004115226,1258854.02,1259974.02,0.999555348764499,2248.95360714286
"E360","***建筑劳务有限公司",840,3,0,2688686.11,29,0,0.202084566977201,0,0.171428571428571,2687846.11,2689526.11,0.999687579745038,3200.81679761905
"E361","***勘察设计工程有限公司",3337627.6,171,1.57149110971598,5182337.8,90,0,0.595008847778739,0.0172413793103448,0.23728813559322,1844710.2,8519965.4,0.355961010492215,1.55270102632181
"E362","***建材有限公司",497298.8,122,3.25951852772202,4783633,95,0.0421052631578947,0.785355661987703,0.0317460317460317,0.0952380952380952,4286334.2,5280931.8,0.896041606870761,9.61923294405697
"E363","***建筑工程设计有限公司",210990.32,93,1.90458651195567,1104932.12,30,0,0.919967266340517,0.0606060606060606,0.230769230769231,893941.8,1315922.44,0.809046803707725,5.23688536990702
"E364","***电子有限公司",510883.95,140,1.05058149346517,2439689.57,308,0.0194805194805195,0.384335841822821,0,0.0805970149253731,1928805.62,2950573.52,0.790594690290863,4.77542809869051
"E365","***信息技术有限公司",2093478.83,126,2.11310244014613,3797139.03,76,0,0.872900262770251,0.0307692307692308,0.136363636363636,1703660.2,5890617.86,0.448669428888412,1.81379385145251
"E366","***房地产经纪有限公司",380061.31,21,2.47828899618866,1501732,19,0,0.273740133172907,0,0.05,1121670.69,1881793.31,0.746918018661119,3.95128880653492
"E367","***电子商务有限公司",239857.65,23,3.42874003064008,2270000,198,0.0505050505050505,0.927507730599889,0.08,0.0790697674418605,2030142.35,2509857.65,0.894335837004405,9.46394663668222
"E368","***通信科技有限责任公司",328134.16,83,3.32816795650949,1111659,22,0.0454545454545455,0.860009258115672,0.0459770114942529,0.3125,783524.84,1439793.16,0.704824806887724,3.3878185678687
"E369","***网络技术有限公司",739394.18,152,2.00744217138517,1662779.9,200,0.01,0.373835643757825,0.0559006211180124,0.0654205607476635,923385.72,2402174.08,0.555326486686542,2.24884093623783
"E370","***设计服务部",840,3,0,2186979.05,470,0.0191489361702128,0.741808166190715,0.25,0.0562248995983936,2186139.05,2187819.05,0.999615908529165,2603.54648809524
"E371","***自动化科技有限公司",204867.54,80,2.62696366995513,1345916.45,26,0,0.839800125833005,0.0123456790123457,0.1875,1141048.91,1550783.99,0.847785841387108,6.56969107941648
"E372","***汽车维修有限责任公司",627323.7,323,2.72154357870226,2417752.87,536,0.0391791044776119,0.846251094672813,0.00308641975308642,0.0853242320819113,1790429.17,3045076.57,0.740534399613803,3.85407544781107
"E373","个体经营E373",23141199.41,868,1.71807984519221,1505224,109,0,1.73932205425128,0.0147559591373439,0.0267857142857143,-21635975.41,24646423.41,-14.3739240206109,0.0650452024258323
"E374","***建材经营部",48560,3,1.702089467405,1306397.58,204,0,0.497852085379507,0,0.180722891566265,1257837.58,1354957.58,0.962829079949765,26.9027508237232
"E375","***电器经营部",560,2,0,1015565.5,357,0,1.0296407475197,0,0.0530503978779841,1015005.5,1016125.5,0.999448583080067,1813.50982142857
"E376","***建筑装饰设计有限责任公司",6560,3,1.51026381391677,583543.28,45,0,1.16117706664862,0,0.150943396226415,576983.28,590103.28,0.988758331687069,88.9547682926829
"E377","***文化传播有限公司",254772,108,1.6381491339412,847253.3,58,0.0344827586206897,1.23505062344027,0.0181818181818182,0.333333333333333,592481.3,1102025.3,0.699296538591234,3.32553538065408
"E378","***商贸有限公司",1318736.57,685,4.7723419321925,1183785.11,298,0.0302013422818792,1.79271137566327,0.0101156069364162,0.176795580110497,-134951.46,2502521.68,-0.113999964064424,0.897666097179667
"E379","***药业有限公司",1431332.69,369,3.63509682801457,2484292,155,0,1.22362254622899,0.0415584415584416,0.351464435146443,1052959.31,3915624.69,0.423846838455383,1.73564959240888
"E380","***建材有限公司",560,2,0,1537589.37,166,0.0963855421686747,0.195742904190969,0,0.117021276595745,1537029.37,1538149.37,0.999635793527891,2745.69530357143
"E381","***通信网络工程有限公司",97623142.76,1766,1.89614314269428,2142788.67,80,0.2125,0.99587109950245,0.0312671420735052,0.024390243902439,-95480354.09,99765931.43,-44.5589224111401,0.0219495972923951
"E382","***教育信息咨询有限公司***分公司",760,2,0.372161463782393,531947,88,0,0.35058419748875,0,0,531187,532707,0.998571286237163,699.930263157895
"E383","***通讯器材经营部",234550,13,1.36741739365208,962692,111,0.0630630630630631,0.283314056575967,0,0.119047619047619,728142,1197242,0.756360289687668,4.10442123214666
"E384","个体经营E384",2968189.4,236,1.51766666322756,2300821.07,27,0,0.343474008055895,0.0445344129554656,0.15625,-667368.33,5269010.47,-0.290056597056459,0.775159789331503
"E385","***装饰工程有限公司",14584,29,1.49319135704908,603225.59,12,0.0833333333333333,0.548414175886924,0.0645161290322581,0.571428571428571,588641.59,617809.59,0.975823306832855,41.3621496160176
"E386","个体经营E386",197247.36,398,2.38451851481368,4870000,54,0.0740740740740741,0.257119599959734,0.00748129675810474,0.181818181818182,4672752.64,5067247.36,0.95949746201232,24.6898108040584
"E387","***农副产品经营部",1380,3,0.677759011657387,849901,86,0,0.109095810285951,0,0.0851063829787234,848521,851281,0.998376281472783,615.870289855072
"E388","***商贸有限公司",106207.8,291,0.722462217091809,1062450.5,319,0,0.860436264042658,0.00342465753424658,0.0988700564971751,956242.7,1168658.3,0.900035060456934,10.0035072753602
"E389","***清洁服务有限公司",2880,2,0.942809041582063,475467,63,0,0.557336973642822,0,0.015625,472587,478347,0.993942797291926,165.092708333333
"E390","***建筑工程有限公司",7278.8,16,1.2162194333218,817905.62,14,0,0.593898657719157,0,0,810626.82,825184.42,0.991100684697582,112.368195306919
"E391","***五金店",890,3,0.0973062251443189,1373678.92,318,0.00943396226415094,0.830790919706518,0,0.0914285714285714,1372788.92,1374568.92,0.999352104784428,1543.45946067416
"E392","***科技有限公司",93949.76,179,1.88431476916376,1048438,227,0.00881057268722467,1.50146050995368,0,0.126923076923077,954488.24,1142387.76,0.910390733643763,11.1595601734374
"E393","***商贸有限责任公司",427228.24,23,0.680483787850412,982824.59,544,0.0183823529411765,0.965648765944773,0.0416666666666667,0.103789126853377,555596.35,1410052.83,0.565305707298186,2.30046728652582
"E394","***环保设计研究院（有限合伙）",804253.05,533,3.7933864255974,1104149,21,0,0.768328297031098,0.0326678765880218,0.734177215189873,299895.95,1908402.05,0.271608224976883,1.37288755075284
"E395","***网络科技有限公司",270074.02,133,1.92044560347835,2216923.1,94,0.0319148936170213,1.21565511440623,0.0291970802919708,0.323741007194245,1946849.08,2486997.12,0.878176189331962,8.20857593040604
"E396","***文化传播有限公司",498716.18,198,2.76836045402999,700832.2,65,0.0461538461538462,1.9952688013768,0.0616113744075829,0.0714285714285714,202116.02,1199548.38,0.288394311791039,1.40527263422655
"E397","***大闸蟹经营部",442640,19,4.07174380480845,669721.5,132,0,0.616458124787085,0,0.278688524590164,227081.5,1112361.5,0.339068553122455,1.51301622085668
"E398","***医疗管理咨询有限公司",80810.79,73,1.20406629871088,637433.35,89,0,0.518195550616477,0.0135135135135135,0,556622.56,718244.14,0.873224722239588,7.88797325208676
"E399","***装饰工程有限公司",20171.2,52,1.90234825718322,455424.8,15,0,0.901153960877671,0,0.210526315789474,435253.6,475596,0.955709043512782,22.5779725549298
"E400","***办公用品经营部",71643.65,16,2.74668792750327,840327.7,122,0,0.392557140136626,0,0.0895522388059701,768684.05,911971.35,0.914743200777506,11.7292697957181
"E401","***遮阳技术发展中心",187070.85,28,1.52965807373933,360292.99,39,0,1.85704127078247,0,0.493506493506494,173222.14,547363.84,0.480781321890276,1.92597077524371
"E402","***商贸有限公司",482208,57,0.47399521867911,648634.32,22,0.0909090909090909,0.744647648005804,0,0.12,166426.32,1130842.32,0.256579577842875,1.34513388413299
"E403","***机械有限公司",100051.52,108,1.91013789081846,1242731.71,61,0,1.03848269984676,0.0181818181818182,0.128571428571429,1142680.19,1342783.23,0.919490651767468,12.4209178431272
"E404","个体经营E404",936985,25,1.61128094482895,916100,15,0,0.69021792830451,0.137931034482759,0.285714285714286,-20885,1853085,-0.0227977295055125,0.977710422258627
"E405","***职业技能服务有限公司",91339.12,17,0.855513395441938,609176,25,0,1.3071308254856,0.0555555555555556,0.444444444444444,517836.88,700515.12,0.850061197420778,6.66938766215396
"E406","***招投标代理有限公司",198023.79,52,1.84306483088418,916999.45,24,0.0416666666666667,0.488810811095391,0,0.225806451612903,718975.66,1115023.24,0.784052444088162,4.63075396143059
"E407","***装饰工程有限公司",413992.18,148,3.96405526627148,2284413,31,0.0645161290322581,0.360132840234113,0.00671140939597315,0.295454545454545,1870420.82,2698405.18,0.818775247733225,5.51801002617972
"E408","***空调制冷有限责任公司",67774.14,39,1.37624170971683,537826,26,0,0.835412958426697,0.025,0.1875,470051.86,605600.14,0.873985006303154,7.93556362352957
"E409","***塑胶有限公司",49699,15,0.80111758007858,222923.37,90,0,0.91280585303157,0,0.108910891089109,173224.37,272622.37,0.777057919050838,4.48546992897241
"E410","***网络科技有限公司",19590.85,105,2.09470129587511,430798,65,0.0153846153846154,1.75596914340173,0,0.0151515151515152,411207.15,450388.85,0.954524278199992,21.9897554215361
"E411","***机电设备有限公司",251701.03,109,4.30241826825194,309795,67,0.0597014925373134,0.690643435854746,0,0.309278350515464,58093.97,561496.03,0.187523910973386,1.23080545200788
"E412","***汽车贸易有限公司",69880.36,83,1.68701109398356,331101,137,0,1.09549448382081,0.0348837209302326,0.0805369127516778,261220.64,400981.36,0.788945487932685,4.7381123966734
"E413","***石材工艺品有限公司",27243.9,62,1.88746034180659,295588.31,33,0,0.239078488754525,0,0.175,268344.41,322832.21,0.907831605383853,10.8497061727579
"E414","***物流有限责任公司***分公司",10282.33,6,1.24364209036774,388400,11,0,0.999165072765318,0,0.214285714285714,378117.67,398682.33,0.973526441812564,37.7735396549226
"E415","***广告设计服务部",18000,2,0,94889.2,208,0.0336538461538462,0.751024532158381,0,0,76889.2,112889.2,0.810305071599297,5.27162222222222
"E416","***科技有限公司",111757.72,7,1.79152060637691,215696.8,23,0,0.193209660945318,0.125,0.08,103939.08,327454.52,0.481875855367349,1.93003937446111
"E417","***园林景观工程有限公司",173818.46,127,6.22709553269663,166520,6,0,1.25839988865844,0.0078125,0,-7298.45999999999,340338.46,-0.043829329810233,0.958011019082783
"E418","***营销策划有限公司",48995.44,71,3.17793963922976,438891.2,20,0,1.3418484230581,0,0.130434782608696,389895.76,487886.64,0.888365408101142,8.95779688885333
"E419","***科技有限公司",11998609.96,1278,6.12698369062264,55200,4,0,0.281522749455719,0.0199386503067485,0,-11943409.96,12053809.96,-216.366122463768,0.00460053291039723
"E420","***康药房",2137589.36,151,1.46191894171337,82321.73,114,0,1.13768538684475,0.0130718954248366,0.0952380952380952,-2055267.63,2219911.09,-24.9662832644552,0.0385114800534
"E421","***保温材料有限公司",32170,19,0.845816242779199,253071.83,28,0,0.178750838647664,0,0.0344827586206897,220901.83,285241.83,0.872881940277588,7.86670282872241
"E422","***童装店",960,3,0.450693909432999,27856.61,27,0,1.54930986834981,0,0.1,26896.61,28816.61,0.965537802338476,29.0173020833333
"E423","***通风设备有限公司",89211.7,21,0.977381523756093,74970,6,0,0.847268609367112,0,0.142857142857143,-14241.7,164181.7,-0.189965319461118,0.840360625343985
"E424","***贸易有限公司",271999.39,25,1.48211852602876,81703.88,37,0.0540540540540541,1.65465158775007,0,0.13953488372093,-190295.51,353703.27,-2.32908779852315,0.300382585416828
"E425","***商贸有限公司",63188.4,116,2.21570168466996,87680,10,0,0.219892561650592,0.0169491525423729,0.444444444444444,24491.6,150868.4,0.279329379562044,1.38759645757766
